Start Date,End Date,Portfolio name,Program Type,Campaign Name,Retailer,Country,Status,Currency,Budget Amount,Targeting Type,Bidding strategy,Impressions,Last Year Impressions,Clicks,Last Year Clicks,Click-Thru Rate (CTR),Spend,Last Year Spend,Cost Per Click (CPC),Last Year Cost Per Click (CPC),7 Day Total Orders (#),"Total Advertising Cost of Sales (ACOS) ",Total Return on Advertising Spend (ROAS),"7 Day Total Sales "
"Jan 01, 2026","Feb 28, 2026",progress notebook,Sponsored Products,legacy - progress AUTO,Amazon,United States,ENABLED,USD,$10.0,Automatic targeting,Dynamic bids - down only,13282,82002,140,762,1.054%,$29.56,$233.7,$0.2111429,$0.3066929,2,46.943%,2.13,$62.97
"Jan 01, 2026","Feb 28, 2026",No Portfolio,Sponsored Products,nurse notebook(pocket) AUTO,Amazon,United States,ENABLED,USD,$10.0,Automatic targeting,Dynamic bids - down only,2501,30,7,0,0.27999999999999997%,$0.22,$0.0,$0.0314286,$0.0,0,0.0%,0.0,$0.0
"Jan 01, 2026","Feb 28, 2026",nursing notes,Sponsored Products,legacy - nursingnotes AUTO,Amazon,United States,ENABLED,USD,$10.0,Automatic targeting,ruleBased,194923,67034,1044,760,0.536%,$466.62,$409.61,$0.446954,$0.5389605000000001,22,51.010999999999996%,1.96,$914.75
"Jan 01, 2026","Feb 28, 2026",nursing notes,Sponsored Products,legacy - nursingnotes MANUAL,Amazon,United States,ENABLED,USD,$10.0,Manual targeting,Dynamic bids - down only,114359,28525,1042,434,0.911%,$637.01,$403.77,$0.611334,$0.9303456,19,89.241%,1.12,$713.81
"Jan 01, 2026","Feb 28, 2026",medical notes,Sponsored Products,legacy - medical notes AUTO,Amazon,United States,ENABLED,USD,$10.0,Automatic targeting,Dynamic bids - down only,16223,,200,,1.233%,$36.41,,$0.18205,$0.0,7,19.274%,5.19,$188.91
"Jan 01, 2026","Feb 28, 2026",z_misc,Sponsored Products,ALL CAMPAIGNS AUTO,Amazon,United States,ENABLED,USD,$10.0,Automatic targeting,Dynamic bids - down only,106059,478238,74,4798,0.06999999999999999%,$1.46,$1456.38,$0.0197297,$0.303539,5,1.405%,71.2,$103.95
"Jan 01, 2026","Feb 28, 2026",hp notebooks,Sponsored Products,2024_DISCOVERY_br_hpnotebook,Amazon,United States,ENABLED,USD,$10.0,Manual targeting,ruleBased,152955,160381,1177,1665,0.77%,$1703.0,$2785.36,$1.4468988999999999,$1.6728889,207,26.412999999999997%,3.79,$6447.69
"Jan 01, 2026","Feb 28, 2026",progress notebook,Sponsored Products,legacy - progress soap manual broad,Amazon,United States,ENABLED,USD,$10.0,Manual targeting,ruleBased,96576,26565,1028,346,1.064%,$822.84,$698.22,$0.800428,$2.0179769,120,30.913%,3.23,$2661.76
"Jan 01, 2026","Feb 28, 2026",stethoscope clip,Sponsored Products,2025_SCALE_exact_stethoscopeclip,Amazon,United States,ENABLED,USD,$10.0,Manual targeting,Dynamic bids - down only,5393,5283,40,18,0.742%,$23.51,$21.15,$0.58775,$1.175,0,0.0%,0.0,$0.0
"Jan 01, 2026","Feb 28, 2026",progress notebook,Sponsored Products,legacy - progress soap manual exact,Amazon,United States,ENABLED,USD,$10.0,Manual targeting,ruleBased,38286,45459,337,282,0.88%,$365.76,$544.42,$1.0853412,$1.9305674,45,37.921%,2.64,$964.53
"Jan 02, 2026","Feb 28, 2026",nursing notes,Sponsored Products,legacy - nursing notes AUTO,Amazon,United States,ENABLED,USD,$10.0,Automatic targeting,Dynamic bids - down only,217,7,0,0,0.0%,$0.0,$0.0,$0.0,$0.0,0,0.0%,0.0,$0.0
"Jan 01, 2026","Feb 28, 2026",z_misc,Sponsored Products,ALL CAMPAIGNS V2,Amazon,United States,ENABLED,USD,$30.0,Automatic targeting,ruleBased,341149,72629,3089,365,0.905%,$1624.13,$43.44,$0.5257786,$0.1190137,181,39.088%,2.56,$4155.11
"Jan 01, 2026","Feb 28, 2026",No Portfolio,Sponsored Products,legacy - MedSurg Notebook AUTO,Amazon,United States,ENABLED,USD,$10.0,Automatic targeting,Fixed bids,44682,27,1152,0,2.5780000000000003%,$258.06,$0.0,$0.22401039999999997,$0.0,11,104.524%,0.96,$246.89
"Jan 01, 2026","Feb 17, 2026",No Portfolio,Sponsored Products,legacy - Pharmacy Notebook AUTO,Amazon,United States,ENABLED,USD,$10.0,Automatic targeting,Fixed bids,203,176,3,0,1.478%,$0.06,$0.0,$0.02,$0.0,0,0.0%,0.0,$0.0
"Jan 01, 2026","Feb 28, 2026",scrubnotes,Sponsored Products,Scrubnotes - Product Targeting,Amazon,United States,ENABLED,USD,$5.0,Manual targeting,Dynamic bids - down only,748,18098,6,253,0.8019999999999999%,$1.3,$76.43,$0.2166667,$0.3020949,0,0.0%,0.0,$0.0
"Jan 02, 2026","Feb 28, 2026",pediatrics notebook,Sponsored Products,Pediatrics Notebook - Product Targeting,Amazon,United States,ENABLED,USD,$10.0,Manual targeting,Dynamic bids - down only,0,0,0,0,0.0%,$0.0,$0.0,$0.0,$0.0,0,0.0%,0.0,$0.0
"Jan 01, 2026","Feb 28, 2026",H&P Rotations Bundle,Sponsored Products,H&P Rotations Bundle - Product Targeting,Amazon,United States,ENABLED,USD,$10.0,Manual targeting,Dynamic bids - down only,54,3460,1,23,1.8519999999999999%,$0.37,$7.6,$0.37,$0.33043480000000003,0,0.0%,0.0,$0.0
"Jan 01, 2026","Feb 28, 2026",hp notebooks,Sponsored Products,H&P Notebook Auto - Complements,Amazon,United States,ENABLED,USD,$3.0,Automatic targeting,Dynamic bids - down only,13229,3,107,0,0.8089999999999999%,$26.4,$0.0,$0.24672899999999998,$0.0,5,27.804000000000002%,3.6,$94.95
"Jan 02, 2026","Feb 28, 2026",pediatrics notebook,Sponsored Products,Pediatrics Notebook Auto - Substitutes,Amazon,United States,ENABLED,USD,$10.0,Automatic targeting,Dynamic bids - down only,1825,11,0,0,0.0%,$0.0,$0.0,$0.0,$0.0,0,0.0%,0.0,$0.0
"Jan 03, 2026","Feb 23, 2026",brainsheet notebooks,Sponsored Products,Brain Sheet Pocket Auto - Close Match,Amazon,United States,ENABLED,USD,$5.0,Automatic targeting,Dynamic bids - down only,164,0,1,0,0.61%,$0.06,$0.0,$0.06,$0.0,0,0.0%,0.0,$0.0
"Jan 06, 2026","Feb 19, 2026",brainsheet notebooks,Sponsored Products,Brain Sheet Pocket Auto - Substitutes,Amazon,United States,ENABLED,USD,$10.0,Automatic targeting,Dynamic bids - down only,10,8,0,0,0.0%,$0.0,$0.0,$0.0,$0.0,0,0.0%,0.0,$0.0
"Jan 04, 2026","Feb 11, 2026",progress notebook,Sponsored Products,Progress Notebook Auto - Complements,Amazon,United States,ENABLED,USD,$5.0,Automatic targeting,Dynamic bids - down only,7,136,0,1,0.0%,$0.0,$0.16,$0.0,$0.16,0,0.0%,0.0,$0.0
"Jan 03, 2026","Feb 26, 2026",brainsheet notebooks,Sponsored Products,Brain Sheet Pocket Auto - Loose Match,Amazon,United States,ENABLED,USD,$10.0,Automatic targeting,Dynamic bids - down only,41,113,0,0,0.0%,$0.0,$0.0,$0.0,$0.0,0,0.0%,0.0,$0.0
"Jan 03, 2026","Feb 28, 2026",pharmacy notebook,Sponsored Products,Obgyn Notebook Auto - Loose Match,Amazon,United States,ENABLED,USD,$10.0,Automatic targeting,Dynamic bids - down only,78,1947,0,32,0.0%,$0.0,$4.72,$0.0,$0.1475,0,0.0%,0.0,$0.0
"Jan 02, 2026","Feb 27, 2026",surgery notebook,Sponsored Products,Surgery H&P Auto - Complements,Amazon,United States,ENABLED,USD,$3.0,Automatic targeting,Dynamic bids - down only,329,1741,1,0,0.304%,$0.08,$0.0,$0.08,$0.0,0,0.0%,0.0,$0.0
"Jan 02, 2026","Feb 17, 2026",hp notebooks,Sponsored Products,H&P Pro Auto - Substitutes,Amazon,United States,ENABLED,USD,$10.0,Automatic targeting,Dynamic bids - down only,189,327268,0,4453,0.0%,$0.0,$1399.36,$0.0,$0.3142511,0,0.0%,0.0,$0.0
"Jan 01, 2026","Feb 28, 2026",pharmacy notebook,Sponsored Products,Obgyn Notebook Auto - Substitutes,Amazon,United States,ENABLED,USD,$10.0,Automatic targeting,Dynamic bids - down only,178144,13732,832,64,0.46699999999999997%,$362.67,$14.03,$0.4359014,$0.21921880000000002,9,196.133%,0.51,$184.91
"Jan 01, 2026","Feb 28, 2026",surgery notebook,Sponsored Products,Surgery H&P Auto - Close Match,Amazon,United States,ENABLED,USD,$10.0,Automatic targeting,Dynamic bids - down only,11313,32769,91,300,0.804%,$30.93,$174.99,$0.33989010000000003,$0.5832999999999999,1,162.875%,0.61,$18.99
"Jan 01, 2026","Feb 28, 2026",hp notebooks,Sponsored Products,H&P Notebook Auto - Loose Match,Amazon,United States,ENABLED,USD,$10.0,Automatic targeting,Dynamic bids - up and down,11488,1275,145,21,1.262%,$14.58,$2.73,$0.10055170000000001,$0.13,7,10.806000000000001%,9.25,$134.93
"Jan 01, 2026","Feb 28, 2026",hp notebooks,Sponsored Products,H&P Notebook Auto - Substitutes,Amazon,United States,ENABLED,USD,$10.0,Automatic targeting,Dynamic bids - down only,12937,52777,20,380,0.155%,$1.28,$50.68,$0.064,$0.1333684,1,3.37%,29.67,$37.98
"Jan 04, 2026","Feb 28, 2026",pediatrics notebook,Sponsored Products,Pediatrics Notebook Auto - Complements,Amazon,United States,ENABLED,USD,$10.0,Automatic targeting,Dynamic bids - down only,197,16649,0,13,0.0%,$0.0,$5.68,$0.0,$0.4369231,0,0.0%,0.0,$0.0
"Jan 01, 2026","Feb 23, 2026",progress notebook,Sponsored Products,Progress Notebook Auto - Close Match,Amazon,United States,ENABLED,USD,$10.0,Automatic targeting,Dynamic bids - down only,178,990,1,13,0.562%,$0.2,$4.5,$0.2,$0.3461538,0,0.0%,0.0,$0.0
"Jan 02, 2026","Feb 26, 2026",hp notebooks,Sponsored Products,H&P Pro Auto - Loose Match,Amazon,United States,ENABLED,USD,$10.0,Automatic targeting,Dynamic bids - down only,120,13,1,0,0.8330000000000001%,$0.02,$0.0,$0.02,$0.0,0,0.0%,0.0,$0.0
"Jan 01, 2026","Feb 28, 2026",hp notebooks,Sponsored Products,H&P Pro Auto - Complements,Amazon,United States,ENABLED,USD,$10.0,Automatic targeting,Dynamic bids - down only,1110,10200,3,62,0.27%,$0.46,$19.03,$0.1533333,$0.30693549999999997,1,2.001%,49.98,$22.99
"Jan 01, 2026","Feb 28, 2026",hp notebooks,Sponsored Products,H&P Pro Auto - Close Match,Amazon,United States,ENABLED,USD,$10.0,Automatic targeting,Dynamic bids - down only,70618,39683,1315,830,1.862%,$550.65,$430.67,$0.4187452,$0.5188794999999999,26,101.45599999999999%,0.99,$542.75
"Jan 01, 2026","Feb 28, 2026",pediatrics notebook,Sponsored Products,Pediatrics Notebook Auto - Close Match,Amazon,United States,ENABLED,USD,$10.0,Automatic targeting,Dynamic bids - down only,12383,14718,57,120,0.45999999999999996%,$26.07,$64.37,$0.4573684,$0.5364167,5,20.699%,4.83,$125.95
"Jan 02, 2026","Feb 28, 2026",progress notebook,Sponsored Products,Progress Notebook Auto - Substitutes,Amazon,United States,ENABLED,USD,$10.0,Automatic targeting,Dynamic bids - down only,3559,1380,7,3,0.197%,$0.7,$0.31,$0.1,$0.1033333,0,0.0%,0.0,$0.0
"Jan 01, 2026","Feb 28, 2026",pharmacy notebook,Sponsored Products,Obgyn Notebook Auto - Close Match,Amazon,United States,ENABLED,USD,$3.0,Automatic targeting,Dynamic bids - down only,30657,125264,184,617,0.6%,$137.33,$623.77,$0.7463586999999999,$1.0109724,9,72.696%,1.38,$188.91
"Jan 01, 2026","Feb 28, 2026",progress notebook,Sponsored Products,Intern Resident Auto - Substitutes,Amazon,United States,ENABLED,USD,$10.0,Automatic targeting,ruleBased,105615,3417,871,41,0.8250000000000001%,$466.5,$3.28,$0.5355913,$0.08,51,43.376%,2.31,$1075.47
"Jan 01, 2026","Feb 28, 2026",brainsheet notebooks,Sponsored Products,Brain Sheet Pocket Auto - Complements,Amazon,United States,ENABLED,USD,$5.0,Automatic targeting,Dynamic bids - down only,512,898,3,3,0.586%,$0.28,$0.56,$0.09333330000000001,$0.1866667,0,0.0%,0.0,$0.0
"Jan 01, 2026","Feb 28, 2026",progress notebook,Sponsored Products,Progress Notebook Auto - Loose Match,Amazon,United States,ENABLED,USD,$5.0,Automatic targeting,Dynamic bids - down only,520,57,6,0,1.154%,$0.35,$0.0,$0.058333300000000005,$0.0,1,1.667%,59.97,$20.99
"Jan 01, 2026","Feb 28, 2026",hp notebooks,Sponsored Products,H&P Notebook Auto - Close Match,Amazon,United States,ENABLED,USD,$10.0,Automatic targeting,Dynamic bids - down only,842,70230,5,1105,0.594%,$0.82,$696.79,$0.16399999999999998,$0.6305792,0,0.0%,0.0,$0.0
"Jan 06, 2026","Feb 23, 2026",surgery notebook,Sponsored Products,Surgery H&P Auto - Substitutes,Amazon,United States,ENABLED,USD,$10.0,Automatic targeting,Dynamic bids - down only,128,3079,0,19,0.0%,$0.0,$2.16,$0.0,$0.1136842,0,0.0%,0.0,$0.0
"Jan 17, 2026","Feb 22, 2026",medical notes,Sponsored Products,Medical Notes Auto - Close Match,Amazon,United States,ENABLED,USD,$5.0,Automatic targeting,Dynamic bids - down only,32,,0,,0.0%,$0.0,,$0.0,$0.0,0,0.0%,0.0,$0.0
"Jan 01, 2026","Feb 28, 2026",clipboards,Sponsored Products,Storage Clipboards Auto - Substitutes and Complements,Amazon,United States,ENABLED,USD,$3.0,Automatic targeting,Dynamic bids - down only,208,0,0,0,0.0%,$0.0,$0.0,$0.0,$0.0,0,0.0%,0.0,$0.0
"Jan 18, 2026","Feb 11, 2026",medical notes,Sponsored Products,Medical Notes Auto - Substitutes,Amazon,United States,ENABLED,USD,$10.0,Automatic targeting,Dynamic bids - down only,2,,0,,0.0%,$0.0,,$0.0,$0.0,0,0.0%,0.0,$0.0
"Jan 02, 2026","Feb 25, 2026",medical notes,Sponsored Products,Medical Notes Auto - Complements,Amazon,United States,ENABLED,USD,$5.0,Automatic targeting,Dynamic bids - down only,1230,,7,,0.569%,$1.0,,$0.1428571,$0.0,0,0.0%,0.0,$0.0
"Jan 03, 2026","Feb 27, 2026",medical notes,Sponsored Products,Medical Notes Auto - Loose Match,Amazon,United States,ENABLED,USD,$5.0,Automatic targeting,Dynamic bids - down only,16,,0,,0.0%,$0.0,,$0.0,$0.0,0,0.0%,0.0,$0.0
"Jan 01, 2026","Feb 28, 2026",clipboards,Sponsored Products,Storage Clipboards Auto - Close and Loose Match,Amazon,United States,ENABLED,USD,$10.0,Automatic targeting,Dynamic bids - down only,695,460,5,5,0.719%,$0.29,$1.05,$0.057999999999999996,$0.21,0,0.0%,0.0,$0.0
"Jan 01, 2026","Feb 28, 2026",clipboards,Sponsored Products,Storage Clipboards - Reverse ASIN of Comps,Amazon,United States,ENABLED,USD,$10.0,Manual targeting,Dynamic bids - down only,48574,65564,217,194,0.447%,$193.58,$161.59,$0.8920737,$0.8329380999999999,3,328.269%,0.3,$58.97
"Jan 01, 2026","Feb 28, 2026",No Portfolio,Sponsored Products,ALL CAMPAIGNS V3 (dynamic down),Amazon,United States,ENABLED,USD,$10.0,Automatic targeting,Dynamic bids - down only,183309,273927,2069,3416,1.129%,$590.97,$1464.46,$0.2856307,$0.4287061,51,51.727999999999994%,1.93,$1142.46
"Jan 01, 2026","Feb 28, 2026",pediatrics notebook,Sponsored Products,Pediatrics Notebook - Manual - winning kws,Amazon,United States,ENABLED,USD,$10.0,Manual targeting,ruleBased,45221,38902,348,243,0.77%,$578.15,$296.86,$1.6613506,$1.2216461,97,26.173000000000002%,3.82,$2208.97
"Jan 01, 2026","Feb 28, 2026",No Portfolio,Sponsored Products,Campaign - 7/6/2023 23:47:43.088,Amazon,United States,ENABLED,USD,$10.0,Automatic targeting,Dynamic bids - down only,169254,320933,1865,3346,1.102%,$533.85,$1450.38,$0.28624659999999996,$0.4334668,49,43.633%,2.29,$1223.5
"Jan 01, 2026","Feb 28, 2026",No Portfolio,Sponsored Products,2024_DISCOVERY_br_scrubnotes,Amazon,United States,ENABLED,USD,$10.0,Manual targeting,Dynamic bids - down only,33581,129890,250,1933,0.744%,$77.91,$924.9,$0.31164000000000003,$0.47847900000000004,9,32.206%,3.1,$241.91
"Jan 01, 2026","Feb 28, 2026",No Portfolio,Sponsored Products,2024_DISCOVERY_auto_scrubnotes,Amazon,United States,ENABLED,USD,$10.0,Automatic targeting,Dynamic bids - down only,30867,143402,251,2378,0.8130000000000001%,$47.98,$1509.26,$0.1911554,$0.6346761999999999,7,26.373%,3.79,$181.93
"Jan 01, 2026","Feb 28, 2026",hp notebooks,Sponsored Products,2024_SCALE_EXACT_hpnotebook,Amazon,United States,ENABLED,USD,$15.0,Manual targeting,ruleBased,70482,159659,1494,1739,2.12%,$2638.47,$3432.04,$1.7660442,$1.973571,441,26.089000000000002%,3.83,$10113.44
"Jan 01, 2026","Feb 28, 2026",hp notebooks,Sponsored Products,2024_SCALE_EXACT_hpnotebookplus,Amazon,United States,ENABLED,USD,$10.0,Manual targeting,Dynamic bids - down only,26946,110514,86,337,0.319%,$101.03,$535.81,$1.1747674000000001,$1.5899406999999999,14,31.587%,3.17,$319.85
"Jan 01, 2026","Feb 28, 2026",hp notebooks,Sponsored Products,2024_SCALE_EXACT_hpnotebookbundle,Amazon,United States,ENABLED,USD,$20.0,Manual targeting,ruleBased,70298,107343,449,663,0.639%,$713.17,$1366.39,$1.5883519000000001,$2.0609200999999997,43,52.613%,1.9,$1355.49
"Jan 01, 2026","Feb 28, 2026",pediatrics notebook,Sponsored Products,2024_SCALE_EXACT_pediatricsnotebook,Amazon,United States,ENABLED,USD,$10.0,Manual targeting,ruleBased,12779,80184,58,418,0.45399999999999996%,$84.48,$442.59,$1.4565517,$1.0588278,19,21.507%,4.65,$392.81
"Jan 01, 2026","Feb 28, 2026",pharmacy notebook,Sponsored Products,2024_SCALE_EXACT_pharmacynotebook,Amazon,United States,ENABLED,USD,$10.0,Manual targeting,ruleBased,5053,982,14,4,0.27699999999999997%,$9.25,$1.38,$0.6607143000000001,$0.345,1,48.71%,2.05,$18.99
"Jan 01, 2026","Feb 28, 2026",progress notebook,Sponsored Products,2024_SCALE_EXACT_progressnotebook,Amazon,United States,ENABLED,USD,$10.0,Manual targeting,Dynamic bids - down only,1414,93564,12,474,0.849%,$15.62,$493.48,$1.3016667000000002,$1.041097,0,0.0%,0.0,$0.0
"Jan 01, 2026","Feb 28, 2026",baby tracker journal,Sponsored Products,2024_DISCOVERY_br_babytrackerboy,Amazon,United States,ENABLED,USD,$10.0,Manual targeting,Dynamic bids - down only,47558,20183,146,41,0.307%,$73.22,$23.77,$0.5015068,$0.5797561,1,348.83299999999997%,0.29,$20.99
"Jan 01, 2026","Feb 28, 2026",clipboards,Sponsored Products,2024_HARVEST_br_storageclipboardnursing,Amazon,United States,ENABLED,USD,$10.0,Manual targeting,Dynamic bids - down only,10892,85492,115,527,1.056%,$47.54,$359.15,$0.41339129999999996,$0.6814991,2,88.086%,1.14,$53.97
"Jan 01, 2026","Feb 28, 2026",scrubnotes,Sponsored Products,2024_SCALE_EXACT_nursingscrubnotes,Amazon,United States,ENABLED,USD,$15.0,Manual targeting,Dynamic bids - down only,17318,71246,124,503,0.716%,$88.15,$219.26,$0.7108871000000001,$0.4359046,1,314.934%,0.32,$27.99
"Jan 01, 2026","Feb 28, 2026",scrubnotes,Sponsored Products,2024_SCALE_EXACT_medicalscrubnotes,Amazon,United States,ENABLED,USD,$10.0,Manual targeting,Dynamic bids - down only,17210,41387,117,222,0.6799999999999999%,$100.59,$122.22,$0.8597436,$0.5505405,3,111.80399999999999%,0.89,$89.97
"Jan 01, 2026","Feb 28, 2026",baby tracker journal,Sponsored Products,2024_DISCOVERY_auto_babytrackerboy,Amazon,United States,ENABLED,USD,$10.0,Automatic targeting,Dynamic bids - down only,561,11778,2,5,0.357%,$0.31,$2.31,$0.155,$0.462,0,0.0%,0.0,$0.0
"Jan 01, 2026","Feb 28, 2026",No Portfolio,Sponsored Products,2024_AUTO_AllProducts,Amazon,United States,ENABLED,USD,$20.0,Automatic targeting,ruleBased,833335,717192,8195,8631,0.983%,$2580.8,$1514.84,$0.31492370000000003,$0.1755115,259,42.634%,2.35,$6053.34
"Jan 01, 2026","Feb 28, 2026",baby tracker journal,Sponsored Products,2024_SCALE_EXACT_babytrackerboy,Amazon,United States,ENABLED,USD,$10.0,Manual targeting,Dynamic bids - down only,3617,6569,13,14,0.359%,$7.98,$6.31,$0.6138462,$0.4507143,0,0.0%,0.0,$0.0
"Jan 01, 2026","Feb 28, 2026",scrubnotes,Sponsored Products,2024_SCALE_PRODTARGET_scrubnotesnursing,Amazon,United States,ENABLED,USD,$10.0,Manual targeting,Dynamic bids - down only,6,263,0,1,0.0%,$0.0,$0.26,$0.0,$0.26,0,0.0%,0.0,$0.0
"Jan 01, 2026","Feb 28, 2026",scrubnotes,Sponsored Products,2024_ProductTargeting_scrubnotesnursing,Amazon,United States,ENABLED,USD,$10.0,Manual targeting,Dynamic bids - down only,326,13408,0,203,0.0%,$0.0,$84.32,$0.0,$0.41536949999999995,0,0.0%,0.0,$0.0
"Jan 01, 2026","Feb 28, 2026",scrubnotes,Sponsored Products,2024_ProductTargeting_scrubnotesmedical,Amazon,United States,ENABLED,USD,$10.0,Manual targeting,Dynamic bids - down only,687,14891,7,194,1.019%,$2.48,$64.3,$0.3542857,$0.33144329999999994,0,0.0%,0.0,$0.0
"Jan 01, 2026","Feb 28, 2026",hp notebooks,Sponsored Products,2024_ProductTargeting_hpnotebook,Amazon,United States,ENABLED,USD,$10.0,Manual targeting,ruleBased,21340,67296,670,1695,3.1399999999999997%,$749.56,$845.19,$1.1187463,$0.4986372,106,34.307%,2.91,$2184.89
"Jan 01, 2026","Feb 28, 2026",No Portfolio,Sponsored Products,2024_ProductTargeting_hppro,Amazon,United States,ENABLED,USD,$10.0,Manual targeting,ruleBased,19288,55341,643,715,3.334%,$793.18,$442.53,$1.2335614,$0.6189231000000001,135,26.8%,3.73,$2959.62
"Jan 01, 2026","Feb 28, 2026",H&P Rotations Bundle,Sponsored Products,2024_ProductTargeting_hpbundle,Amazon,United States,ENABLED,USD,$10.0,Manual targeting,Dynamic bids - down only,7964,9610,79,106,0.992%,$124.52,$50.94,$1.5762025,$0.48056600000000005,8,40.178000000000004%,2.49,$309.92
"Jan 01, 2026","Feb 28, 2026",No Portfolio,Sponsored Products,2024_ProductTargeting_internresidentnotebook,Amazon,United States,ENABLED,USD,$10.0,Manual targeting,ruleBased,26675,60693,364,875,1.365%,$262.46,$398.2,$0.721044,$0.4550857,43,30.499%,3.28,$860.56
"Jan 01, 2026","Feb 28, 2026",nursing notes,Sponsored Products,2024_ProductTargeting_nursingnotes,Amazon,United States,ENABLED,USD,$10.0,Manual targeting,Dynamic bids - down only,574,8910,7,153,1.22%,$4.16,$57.58,$0.5942857,$0.37633989999999995,0,0.0%,0.0,$0.0
"Jan 01, 2026","Feb 28, 2026",medical notes,Sponsored Products,2024_ProductTargeting_medicalnotes,Amazon,United States,ENABLED,USD,$10.0,Manual targeting,Dynamic bids - down only,1676,796,12,14,0.716%,$7.98,$5.56,$0.665,$0.39714289999999997,1,42.022%,2.38,$18.99
"Jan 01, 2026","Feb 28, 2026",progress notebook,Sponsored Products,2024_ProductTargeting_progressnotebook,Amazon,United States,ENABLED,USD,$10.0,Manual targeting,ruleBased,42384,32767,439,522,1.036%,$393.0,$308.62,$0.8952164,$0.5912261,53,34.765%,2.88,$1130.45
"Jan 02, 2026","Feb 28, 2026",obgyn notebook,Sponsored Products,2024_ProductTargeting_obgynnotebook,Amazon,United States,ENABLED,USD,$10.0,Manual targeting,Dynamic bids - down only,4069,20802,15,225,0.369%,$4.81,$111.59,$0.3206667,$0.4959556,0,0.0%,0.0,$0.0
"Jan 01, 2026","Feb 28, 2026",pediatrics notebook,Sponsored Products,2024_ProductTargeting_pediatricsnotebook,Amazon,United States,ENABLED,USD,$10.0,Manual targeting,Dynamic bids - down only,1767,16721,10,265,0.5660000000000001%,$7.07,$126.43,$0.7070000000000001,$0.47709429999999997,0,0.0%,0.0,$0.0
"Jan 01, 2026","Feb 28, 2026",surgery notebook,Sponsored Products,2024_ProductTargeting_surgerynotebooks,Amazon,United States,ENABLED,USD,$10.0,Manual targeting,Dynamic bids - down only,9170,15270,50,163,0.545%,$68.22,$62.99,$1.3644,$0.3864417,2,170.635%,0.59,$39.98
"Jan 01, 2026","Feb 28, 2026",hp notebooks,Sponsored Products,H&P Notebook - Product Targeting,Amazon,United States,ENABLED,USD,$10.0,Manual targeting,Dynamic bids - down only,390,,5,,1.282%,$0.35,,$0.07,$0.0,0,0.0%,0.0,$0.0
"Jan 01, 2026","Feb 28, 2026",hp notebooks,Sponsored Products,H&P Notebook large print pocket - Product Targeting,Amazon,United States,ENABLED,USD,$10.0,Manual targeting,Dynamic bids - down only,144,,1,,0.694%,$0.88,,$0.88,$0.0,0,0.0%,0.0,$0.0
"Jan 01, 2026","Feb 28, 2026",hp notebooks,Sponsored Products,2025_DISCOVERY_TOS_hpnotebook,Amazon,United States,ENABLED,USD,$10.0,Manual targeting,ruleBased,247288,,3813,,1.542%,$3977.76,,$1.0432101,$0.0,422,47.065%,2.12,$8451.66
"Jan 01, 2026","Feb 28, 2026",No Portfolio,Sponsored Products,2025_WINNERS_hpnotebook,Amazon,United States,ENABLED,USD,$10.0,Manual targeting,ruleBased,164511,,490,,0.298%,$770.75,,$1.5729592,$0.0,70,45.654%,2.19,$1688.24
"Jan 01, 2026","Feb 28, 2026",No Portfolio,Sponsored Products,2025_DISCOVER_BROAD_emtpad,Amazon,United States,ENABLED,USD,$20.0,Manual targeting,ruleBased,59272,,1312,,2.214%,$844.38,,$0.6435823,$0.0,101,41.432%,2.41,$2037.98
"Jan 01, 2026","Feb 28, 2026",No Portfolio,Sponsored Products,2025_DISCOVERY_AUTO_emtpad,Amazon,United States,ENABLED,USD,$10.0,Automatic targeting,Dynamic bids - down only,14939,,186,,1.2449999999999999%,$42.52,,$0.2286022,$0.0,6,35.451%,2.82,$119.94
"Jan 01, 2026","Feb 28, 2026",No Portfolio,Sponsored Products,2025_DISCOVER_BROAD_stethoscopeclip,Amazon,United States,ENABLED,USD,$20.0,Manual targeting,ruleBased,36108,,530,,1.468%,$203.57,,$0.3840943,$0.0,9,94.285%,1.06,$215.91
"Jan 01, 2026","Feb 28, 2026",No Portfolio,Sponsored Products,2025_DISCOVER_AUTO_stethoscopeclip,Amazon,United States,ENABLED,USD,$10.0,Automatic targeting,Dynamic bids - down only,4552,,64,,1.406%,$17.48,,$0.273125,$0.0,0,0.0%,0.0,$0.0
"Jan 01, 2026","Feb 28, 2026",No Portfolio,Sponsored Products,2025_DISCOVERY_BROAD_hppro,Amazon,United States,ENABLED,USD,$10.0,Manual targeting,ruleBased,108062,,976,,0.903%,$627.86,,$0.6432992,$0.0,76,36.691%,2.73,$1711.19
"Jan 01, 2026","Feb 28, 2026",No Portfolio,Sponsored Products,2025_DISCOVERY_AUTO_hppro,Amazon,United States,ENABLED,USD,$10.0,Automatic targeting,Dynamic bids - down only,92690,,2037,,2.198%,$490.98,,$0.24103090000000002,$0.0,17,149.307%,0.67,$328.84
"Jan 01, 2026","Feb 28, 2026",No Portfolio,Sponsored Products,2025_DISCOVER_BROAD_obgyn,Amazon,United States,ENABLED,USD,$10.0,Manual targeting,ruleBased,78331,,332,,0.424%,$409.1,,$1.2322289,$0.0,67,28.404%,3.52,$1440.31
"Jan 01, 2026","Feb 28, 2026",No Portfolio,Sponsored Products,2025_ProductTargeting_Retarget_hpnotebook,Amazon,United States,ENABLED,USD,$10.0,Manual targeting,ruleBased,21099,,647,,3.066%,$596.52,,$0.9219784,$0.0,68,45.910000000000004%,2.18,$1299.32
"Jan 01, 2026","Feb 28, 2026",No Portfolio,Sponsored Products,2025_ProductTargeting_Retarget_hppro,Amazon,United States,ENABLED,USD,$10.0,Manual targeting,Dynamic bids - down only,7820,,164,,2.097%,$200.37,,$1.2217683,$0.0,21,44.35%,2.25,$451.79
"Jan 01, 2026","Feb 28, 2026",No Portfolio,Sponsored Products,2025_ProductTargeting_Retarget_scrubnotesnursing,Amazon,United States,ENABLED,USD,$10.0,Manual targeting,Dynamic bids - down only,298,,6,,2.013%,$5.32,,$0.8866666999999999,$0.0,0,0.0%,0.0,$0.0
"Jan 01, 2026","Feb 28, 2026",No Portfolio,Sponsored Products,2025_ProductTargeting_Retarget_obgyn,Amazon,United States,ENABLED,USD,$10.0,Manual targeting,Dynamic bids - down only,2432,,48,,1.974%,$29.81,,$0.6210417,$0.0,6,23.669999999999998%,4.22,$125.94
"Jan 01, 2026","Feb 28, 2026",No Portfolio,Sponsored Products,2025_ProductTargeting_Retarget_pediatrics,Amazon,United States,ENABLED,USD,$10.0,Manual targeting,Dynamic bids - down only,9185,,140,,1.524%,$179.11,,$1.2793571,$0.0,19,41.576%,2.41,$430.8
"Jan 04, 2026","Feb 28, 2026",No Portfolio,Sponsored Products,2025_ProductTargeting_Retarget_progress,Amazon,United States,ENABLED,USD,$10.0,Manual targeting,ruleBased,4964,,218,,4.392%,$275.19,,$1.2623394000000001,$0.0,50,25.707%,3.89,$1070.48
"Jan 01, 2026","Feb 28, 2026",No Portfolio,Sponsored Products,2025_ProductTargeting_Retarget_medicalnotes,Amazon,United States,ENABLED,USD,$10.0,Manual targeting,Dynamic bids - down only,574,,10,,1.7420000000000002%,$1.26,,$0.126,$0.0,0,0.0%,0.0,$0.0
"Jan 01, 2026","Feb 28, 2026",No Portfolio,Sponsored Products,2025_ProductTargeting_Retarget_nursingnotes,Amazon,United States,ENABLED,USD,$10.0,Manual targeting,Dynamic bids - down only,273,,8,,2.93%,$3.87,,$0.48375,$0.0,0,0.0%,0.0,$0.0
"Jan 01, 2026","Feb 21, 2026",No Portfolio,Sponsored Products,2025_ProductTargeting_Retarget_neuro,Amazon,United States,ENABLED,USD,$10.0,Manual targeting,Dynamic bids - down only,5,,0,,0.0%,$0.0,,$0.0,$0.0,0,0.0%,0.0,$0.0
"Jan 01, 2026","Feb 28, 2026",No Portfolio,Sponsored Products,2025_ProductTargeting_Retarget_nursepacksmall,Amazon,United States,ENABLED,USD,$10.0,Manual targeting,Dynamic bids - down only,89,,3,,3.3709999999999996%,$1.41,,$0.47,$0.0,1,4.702%,21.27,$29.99
"Jan 01, 2026","Feb 28, 2026",No Portfolio,Sponsored Products,2025_SCALE_EXACT_babynotebookgirl,Amazon,United States,ENABLED,USD,$10.0,Manual targeting,Dynamic bids - down only,5886,,33,,0.561%,$15.21,,$0.4609091,$0.0,0,0.0%,0.0,$0.0
"Jan 01, 2026","Feb 28, 2026",No Portfolio,Sponsored Products,2025_SCALE_EXACT_babynotebookboy,Amazon,United States,ENABLED,USD,$10.0,Manual targeting,Dynamic bids - down only,624,,0,,0.0%,$0.0,,$0.0,$0.0,0,0.0%,0.0,$0.0
"Jan 10, 2026","Jan 22, 2026",No Portfolio,Sponsored Products,2025_ProductTargeting_Retarget_babynotebookboy,Amazon,United States,ENABLED,USD,$10.0,Manual targeting,Dynamic bids - down only,3,,0,,0.0%,$0.0,,$0.0,$0.0,0,0.0%,0.0,$0.0
"Jan 01, 2026","Feb 28, 2026",No Portfolio,Sponsored Products,2025_ProductTargeting_Retarget_babynotebookgirl,Amazon,United States,ENABLED,USD,$10.0,Manual targeting,Dynamic bids - down only,365,,3,,0.822%,$1.02,,$0.34,$0.0,0,0.0%,0.0,$0.0
"Jan 01, 2026","Feb 28, 2026",No Portfolio,Sponsored Products,2025_ProductTargeting_Defense_hpnotebook,Amazon,United States,ENABLED,USD,$10.0,Manual targeting,ruleBased,133301,,1002,,0.752%,$1136.33,,$1.1340618999999998,$0.0,141,32.582%,3.07,$3487.58
"Jan 01, 2026","Feb 28, 2026",No Portfolio,Sponsored Products,2025_ProductTargeting_Defense_hppro,Amazon,United States,ENABLED,USD,$10.0,Manual targeting,ruleBased,47503,,558,,1.175%,$497.89,,$0.892276,$0.0,94,24.146%,4.14,$2062.02
"Jan 01, 2026","Feb 28, 2026",No Portfolio,Sponsored Products,2025_ProductTargeting_Defense_scrubnotesmedical,Amazon,United States,ENABLED,USD,$10.0,Manual targeting,Dynamic bids - down only,22941,,308,,1.343%,$225.41,,$0.7318505999999999,$0.0,9,86.394%,1.16,$260.91
"Jan 01, 2026","Feb 28, 2026",No Portfolio,Sponsored Products,2025_ProductTargeting_Defense_scrubnotesnursing,Amazon,United States,ENABLED,USD,$10.0,Manual targeting,Dynamic bids - down only,9129,,79,,0.865%,$78.67,,$0.9958228,$0.0,3,121.08699999999999%,0.83,$64.97
"Jan 01, 2026","Feb 28, 2026",No Portfolio,Sponsored Products,2025_ProductTargeting_Defense_emtpad,Amazon,United States,ENABLED,USD,$10.0,Manual targeting,Dynamic bids - up and down,15730,,105,,0.668%,$91.19,,$0.8684762,$0.0,1,456.178%,0.22,$19.99
"Jan 01, 2026","Feb 28, 2026",No Portfolio,Sponsored Products,2025_ProductTargeting_Offense_hpnotebook,Amazon,United States,ENABLED,USD,$10.0,Manual targeting,ruleBased,16628,,484,,2.911%,$589.69,,$1.2183678,$0.0,81,31.838%,3.14,$1852.15
"Jan 01, 2026","Feb 28, 2026",No Portfolio,Sponsored Products,2025_ProductTargeting_Offense_hppro,Amazon,United States,ENABLED,USD,$10.0,Manual targeting,Dynamic bids - down only,15069,,281,,1.865%,$306.01,,$1.0890036,$0.0,27,52.876999999999995%,1.89,$578.72
"Jan 01, 2026","Feb 28, 2026",No Portfolio,Sponsored Products,2025_ProductTargeting_Offense_pediatrics,Amazon,United States,ENABLED,USD,$10.0,Manual targeting,Dynamic bids - up and down,5277,,64,,1.213%,$58.32,,$0.91125,$0.0,7,34.731%,2.88,$167.92
"Jan 01, 2026","Feb 28, 2026",No Portfolio,Sponsored Products,2025_ProductTargeting_Offense_obgyn,Amazon,United States,ENABLED,USD,$10.0,Manual targeting,Dynamic bids - down only,4105,,24,,0.585%,$24.92,,$1.0383333000000001,$0.0,1,118.723%,0.84,$20.99
"Jan 01, 2026","Feb 28, 2026",No Portfolio,Sponsored Products,2025_ProductTargeting_Offense_scrubnotesnursing,Amazon,United States,ENABLED,USD,$10.0,Manual targeting,ruleBased,24607,,359,,1.459%,$172.01,,$0.47913649999999997,$0.0,10,63.495999999999995%,1.57,$270.9
"Jan 01, 2026","Feb 28, 2026",No Portfolio,Sponsored Products,2025_ProductTargeting_Offense_nursingnotes,Amazon,United States,ENABLED,USD,$10.0,Manual targeting,ruleBased,49853,,588,,1.179%,$392.28,,$0.6671429000000001,$0.0,15,70.956%,1.41,$552.85
"Jan 01, 2026","Feb 28, 2026",No Portfolio,Sponsored Products,2025_ProductTargeting_Offense_medicalnotes,Amazon,United States,ENABLED,USD,$10.0,Manual targeting,ruleBased,16579,,333,,2.009%,$178.73,,$0.5367267,$0.0,19,35.831%,2.79,$498.81
"Jan 01, 2026","Feb 28, 2026",No Portfolio,Sponsored Products,2025_ProductTargeting_Offense_scrubnotesmedical,Amazon,United States,ENABLED,USD,$10.0,Manual targeting,ruleBased,73893,,968,,1.31%,$408.13,,$0.42162190000000005,$0.0,39,31.946%,3.13,$1277.58
"Jan 01, 2026","Feb 28, 2026",No Portfolio,Sponsored Products,2025_ProductTargeting_Offense_babyboy,Amazon,United States,ENABLED,USD,$10.0,Manual targeting,Dynamic bids - down only,764,,3,,0.393%,$2.01,,$0.67,$0.0,0,0.0%,0.0,$0.0
"Jan 01, 2026","Feb 28, 2026",No Portfolio,Sponsored Products,2025_ProductTargeting_Offense_babygirl,Amazon,United States,ENABLED,USD,$10.0,Manual targeting,Dynamic bids - down only,3810,,71,,1.864%,$33.36,,$0.4698592,$0.0,2,79.46600000000001%,1.26,$41.98
"Jan 01, 2026","Feb 28, 2026",No Portfolio,Sponsored Products,2025_ProductTargeting_Defense_pediatrics,Amazon,United States,ENABLED,USD,$10.0,Manual targeting,Dynamic bids - down only,38911,,152,,0.391%,$90.74,,$0.5969736999999999,$0.0,12,36.606%,2.73,$247.88
"Jan 01, 2026","Feb 28, 2026",No Portfolio,Sponsored Products,2025_ProductTargeting_Defense_obgyn,Amazon,United States,ENABLED,USD,$10.0,Manual targeting,ruleBased,19190,,139,,0.724%,$147.6,,$1.0618705,$0.0,34,19.153000000000002%,5.22,$770.63
"Jan 01, 2026","Feb 28, 2026",No Portfolio,Sponsored Products,2025_ProductTargeting_Defense_neuro,Amazon,United States,ENABLED,USD,$10.0,Manual targeting,ruleBased,14919,,102,,0.6839999999999999%,$72.0,,$0.7058824,$0.0,20,17.743000000000002%,5.64,$405.8
"Jan 01, 2026","Feb 28, 2026",No Portfolio,Sponsored Products,2025_ProductTargeting_Defense_nursingnotes,Amazon,United States,ENABLED,USD,$10.0,Manual targeting,Dynamic bids - down only,13176,,106,,0.804%,$56.12,,$0.529434,$0.0,5,38.452%,2.6,$145.95
"Jan 01, 2026","Feb 28, 2026",No Portfolio,Sponsored Products,2025_ProductTargeting_Defense_medicalnotes,Amazon,United States,ENABLED,USD,$10.0,Manual targeting,ruleBased,12491,,174,,1.393%,$111.6,,$0.6413793,$0.0,14,30.586999999999996%,3.27,$364.86
"Jan 01, 2026","Feb 28, 2026",No Portfolio,Sponsored Products,2025_ProductTargeting_Defense_stethoscopeholder,Amazon,United States,ENABLED,USD,$10.0,Manual targeting,Dynamic bids - down only,422,,3,,0.711%,$0.86,,$0.2866667,$0.0,0,0.0%,0.0,$0.0
"Jan 01, 2026","Feb 28, 2026",No Portfolio,Sponsored Products,2025_ProductTargeting_Retarget_stethoscopeholder,Amazon,United States,ENABLED,USD,$10.0,Manual targeting,Dynamic bids - down only,121,,3,,2.479%,$7.7,,$2.5666667000000003,$0.0,0,0.0%,0.0,$0.0
"Jan 01, 2026","Feb 28, 2026",No Portfolio,Sponsored Products,2025_ProductTargeting_Offense_stethoscopeholderpink,Amazon,United States,ENABLED,USD,$10.0,Manual targeting,Dynamic bids - down only,2448,,30,,1.225%,$10.8,,$0.36,$0.0,1,45.019%,2.22,$23.99
"Jan 01, 2026","Feb 28, 2026",No Portfolio,Sponsored Products,2025_ProductTargeting_Offense_stethoscopeholdernavy,Amazon,United States,ENABLED,USD,$10.0,Manual targeting,Dynamic bids - down only,2607,,50,,1.918%,$15.82,,$0.3164,$0.0,0,0.0%,0.0,$0.0
"Feb 23, 2026","Feb 28, 2026",No Portfolio,Sponsored Products,2025_ProductTargeting_Offense_stethoscopeholderblack,Amazon,United States,ENABLED,USD,$10.0,Manual targeting,Dynamic bids - down only,80,,2,,2.5%,$0.72,,$0.36,$0.0,0,0.0%,0.0,$0.0
"Jan 01, 2026","Feb 28, 2026",No Portfolio,Sponsored Products,2025_ProductTargeting_Defense_progressnotebook,Amazon,United States,ENABLED,USD,$10.0,Manual targeting,Dynamic bids - down only,38042,,265,,0.697%,$233.15,,$0.8798113,$0.0,23,47.410000000000004%,2.11,$491.77
"Jan 01, 2026","Feb 28, 2026",No Portfolio,Sponsored Products,2025_ProductTargeting_Defense_brainsheetpocket,Amazon,United States,ENABLED,USD,$10.0,Manual targeting,Dynamic bids - down only,22612,,189,,0.836%,$112.64,,$0.5959788,$0.0,11,45.257%,2.21,$248.89
"Jan 01, 2026","Feb 28, 2026",No Portfolio,Sponsored Products,2025_ProductTargeting_Defense_hppluslarge,Amazon,United States,ENABLED,USD,$10.0,Manual targeting,ruleBased,17480,,176,,1.0070000000000001%,$229.01,,$1.3011932,$0.0,42,22.287000000000003%,4.49,$1027.54
"Jan 01, 2026","Feb 28, 2026",No Portfolio,Sponsored Products,2025_ProductTargeting_Defense_hppluspocket,Amazon,United States,ENABLED,USD,$10.0,Manual targeting,Dynamic bids - up and down,18354,,155,,0.845%,$200.28,,$1.2921289999999999,$0.0,16,57.086000000000006%,1.75,$350.84
"Jan 01, 2026","Feb 28, 2026",No Portfolio,Sponsored Products,2025_ProductTargeting_Defense_surgery,Amazon,United States,ENABLED,USD,$10.0,Manual targeting,ruleBased,20852,,141,,0.676%,$89.73,,$0.636383,$0.0,22,16.685%,5.99,$537.78
"Jan 01, 2026","Feb 28, 2026",No Portfolio,Sponsored Products,2025_ProductTargeting_Defense_icu,Amazon,United States,ENABLED,USD,$10.0,Manual targeting,ruleBased,23753,,133,,0.5599999999999999%,$80.68,,$0.6066165,$0.0,15,25.463%,3.93,$316.85
"Jan 01, 2026","Feb 28, 2026",No Portfolio,Sponsored Products,2025_ProductTargeting_Defense_pt,Amazon,United States,ENABLED,USD,$10.0,Manual targeting,Dynamic bids - down only,20132,,38,,0.189%,$40.66,,$1.07,$0.0,3,58.111000000000004%,1.72,$69.97
"Jan 01, 2026","Feb 28, 2026",No Portfolio,Sponsored Products,2025_ProductTargeting_Defense_nicu,Amazon,United States,ENABLED,USD,$10.0,Manual targeting,Dynamic bids - down only,90,,1,,1.111%,$0.11,,$0.11,$0.0,0,0.0%,0.0,$0.0
"Jan 01, 2026","Feb 28, 2026",No Portfolio,Sponsored Products,2025_ProductTargeting_Defense_nursingicu,Amazon,United States,ENABLED,USD,$10.0,Manual targeting,Dynamic bids - down only,7285,,48,,0.659%,$29.33,,$0.6110417,$0.0,3,42.526%,2.35,$68.97
"Jan 01, 2026","Feb 28, 2026",No Portfolio,Sponsored Products,2025_ProductTargeting_Defense_medsurg,Amazon,United States,ENABLED,USD,$10.0,Manual targeting,ruleBased,12589,,121,,0.9610000000000001%,$51.63,,$0.4266942,$0.0,9,26.489%,3.78,$194.91
"Jan 01, 2026","Feb 28, 2026",No Portfolio,Sponsored Products,2025_ProductTargeting_Defense_pharmacy,Amazon,United States,ENABLED,USD,$10.0,Manual targeting,ruleBased,5202,,14,,0.269%,$8.19,,$0.585,$0.0,0,0.0%,0.0,$0.0
"Jan 01, 2026","Feb 28, 2026",No Portfolio,Sponsored Products,2025_ProductTargeting_Defense_progresspro,Amazon,United States,ENABLED,USD,$10.0,Manual targeting,ruleBased,16477,,127,,0.771%,$118.27,,$0.9312598,$0.0,12,46.769%,2.14,$252.88
"Jan 01, 2026","Feb 28, 2026",No Portfolio,Sponsored Products,2025_ProductTargeting_Defense_internresident,Amazon,United States,ENABLED,USD,$10.0,Manual targeting,Dynamic bids - down only,20309,,346,,1.704%,$356.29,,$1.0297399,$0.0,59,29.509%,3.39,$1207.41
"Jan 01, 2026","Feb 28, 2026",No Portfolio,Sponsored Products,2025_ProductTargeting_Defense_brainsheeterhorizontal,Amazon,United States,ENABLED,USD,$10.0,Manual targeting,Dynamic bids - down only,13032,,103,,0.79%,$82.7,,$0.8029126,$0.0,5,80.33%,1.24,$102.95
"Jan 01, 2026","Feb 28, 2026",No Portfolio,Sponsored Products,2025_ProductTargeting_Defense_brainsheetnewgrad,Amazon,United States,ENABLED,USD,$10.0,Manual targeting,ruleBased,7364,,97,,1.317%,$41.81,,$0.4310309,$0.0,3,64.35300000000001%,1.55,$64.97
"Jan 01, 2026","Feb 28, 2026",No Portfolio,Sponsored Products,2025_ProductTargeting_Retarget_brainsheetpocket,Amazon,United States,ENABLED,USD,$10.0,Manual targeting,Dynamic bids - down only,201,,2,,0.9950000000000001%,$0.4,,$0.2,$0.0,0,0.0%,0.0,$0.0
"Jan 01, 2026","Feb 28, 2026",No Portfolio,Sponsored Products,2025_ProductTargeting_Retarget_brainsheetmultipatient,Amazon,United States,ENABLED,USD,$10.0,Manual targeting,Dynamic bids - down only,1745,,62,,3.553%,$45.6,,$0.7354839,$0.0,1,198.347%,0.5,$22.99
"Jan 08, 2026","Jan 08, 2026",No Portfolio,Sponsored Products,2025_ProductTargeting_Retarget_hppluspocket,Amazon,United States,ENABLED,USD,$10.0,Manual targeting,Dynamic bids - down only,1,,0,,0.0%,$0.0,,$0.0,$0.0,0,0.0%,0.0,$0.0
"Jan 01, 2026","Feb 28, 2026",No Portfolio,Sponsored Products,2025_ProductTargeting_Retarget_hppluslarge,Amazon,United States,ENABLED,USD,$10.0,Manual targeting,Dynamic bids - down only,80,,2,,2.5%,$1.91,,$0.955,$0.0,0,0.0%,0.0,$0.0
"Jan 01, 2026","Feb 28, 2026",No Portfolio,Sponsored Products,2025_ProductTargeting_Retarget_surgery,Amazon,United States,ENABLED,USD,$10.0,Manual targeting,Dynamic bids - down only,556,,13,,2.338%,$11.28,,$0.8676923,$0.0,3,17.913%,5.58,$62.97
"Jan 07, 2026","Jan 15, 2026",No Portfolio,Sponsored Products,2025_ProductTargeting_Retarget_pt,Amazon,United States,ENABLED,USD,$10.0,Manual targeting,Dynamic bids - down only,16,,0,,0.0%,$0.0,,$0.0,$0.0,0,0.0%,0.0,$0.0
"Jan 02, 2026","Feb 28, 2026",No Portfolio,Sponsored Products,2025_ProductTargeting_Retarget_nicu,Amazon,United States,ENABLED,USD,$10.0,Manual targeting,Dynamic bids - down only,49,,2,,4.082%,$0.22,,$0.11,$0.0,0,0.0%,0.0,$0.0
"Jan 01, 2026","Feb 28, 2026",No Portfolio,Sponsored Products,2025_ProductTargeting_Retarget_nursingicu,Amazon,United States,ENABLED,USD,$10.0,Manual targeting,Dynamic bids - down only,2369,,69,,2.913%,$27.82,,$0.4031884,$0.0,4,30.252000000000002%,3.31,$91.96
"Jan 10, 2026","Feb 10, 2026",No Portfolio,Sponsored Products,2025_ProductTargeting_Retarget_medsurg,Amazon,United States,ENABLED,USD,$10.0,Manual targeting,Dynamic bids - down only,5,,0,,0.0%,$0.0,,$0.0,$0.0,0,0.0%,0.0,$0.0
"Jan 01, 2026","Feb 28, 2026",No Portfolio,Sponsored Products,2025_ProductTargeting_Retarget_pharmacy,Amazon,United States,ENABLED,USD,$10.0,Manual targeting,Dynamic bids - down only,412,,18,,4.369%,$9.66,,$0.5366667,$0.0,1,46.022%,2.17,$20.99
"Jan 01, 2026","Feb 28, 2026",No Portfolio,Sponsored Products,2025_ProductTargeting_Retarget_progresspro,Amazon,United States,ENABLED,USD,$10.0,Manual targeting,Dynamic bids - down only,59,,2,,3.39%,$0.63,,$0.315,$0.0,0,0.0%,0.0,$0.0
"Jan 01, 2026","Feb 28, 2026",No Portfolio,Sponsored Products,2025_ProductTargeting_Retarget_internresident,Amazon,United States,ENABLED,USD,$10.0,Manual targeting,Dynamic bids - down only,124,,4,,3.2259999999999995%,$1.95,,$0.4875,$0.0,0,0.0%,0.0,$0.0
"Feb 14, 2026","Feb 14, 2026",No Portfolio,Sponsored Products,2025_ProductTargeting_Retarget_brainsheeterhorizontal,Amazon,United States,ENABLED,USD,$10.0,Manual targeting,Dynamic bids - down only,0,,0,,0.0%,$0.0,,$0.0,$0.0,0,0.0%,0.0,$0.0
"Jan 01, 2026","Feb 28, 2026",No Portfolio,Sponsored Products,2025_ProductTargeting_Retarget_brainsheetnewgrad,Amazon,United States,ENABLED,USD,$10.0,Manual targeting,Dynamic bids - down only,19,,0,,0.0%,$0.0,,$0.0,$0.0,0,0.0%,0.0,$0.0
